[
    {
        "model": "problems.sourcegroup",
        "pk": 1,
        "fields": {
            "name": "University of North Georgia Mathematics Tournament",
            "description": "",
            "url": "https://ung.edu/mathematics/tournament/index.php"
        }
    },
    {
        "model": "problems.sourcegroup",
        "pk": 2,
        "fields": {
            "name": "NCMATYC Mathematics Competition",
            "description": "Many problems can be found here https://drive.google.com/drive/folders/1AJ887ZjYl4nC7X_XbJ5j_zskftANGRIB",
            "url": "http://ncmatyc.matyc.org"
        }
    },
    {
        "model": "problems.sourcegroup",
        "pk": 3,
        "fields": {
            "name": "AMATYC Student Mathematics League",
            "description": "",
            "url": null
        }
    },
    {
        "model": "problems.source",
        "pk": 1,
        "fields": {
            "name": "26th University of North Georgia Mathematics Tournament",
            "shortname": "26th UNG Tournament",
            "subtitle": "Calculus Test",
            "parent": 1,
            "description": "",
            "publish_date": "2023-04-15",
            "url": "https://ung.edu/mathematics/_uploads/files/math-tournament/2023-morning-test.pdf"
        }
    },
    {
        "model": "problems.source",
        "pk": 2,
        "fields": {
            "name": "13th NCMATYC Mathematics Competition",
            "shortname": "13th NCMATYC Competition",
            "subtitle": "Calculus Test",
            "parent": 2,
            "description": "",
            "publish_date": "2024-11-02",
            "url": null
        }
    },
    {
        "model": "problems.source",
        "pk": 4,
        "fields": {
            "name": "28th University of North Georgia Mathematics Tournament",
            "shortname": "28th UNG Tournament",
            "subtitle": "Calculus Test",
            "parent": 1,
            "description": "",
            "publish_date": "2025-04-05",
            "url": null
        }
    },
    {
        "model": "problems.source",
        "pk": 5,
        "fields": {
            "name": "8th NCMATYC Mathematics Competition",
            "shortname": "8th NCMATYC Competition",
            "subtitle": "Calculus Test",
            "parent": 2,
            "description": "",
            "publish_date": "2018-11-10",
            "url": null
        }
    },
    {
        "model": "problems.source",
        "pk": 6,
        "fields": {
            "name": "15th University of North Georgia Mathematics Tournament",
            "shortname": "15th UNG Tournament",
            "subtitle": "Calculus Test",
            "parent": 1,
            "description": "",
            "publish_date": "2009-04-09",
            "url": "https://ung.edu/mathematics/_uploads/files/math-tournament/questions/2009/math-tournament-2009-morning-questions-_a.pdf"
        }
    },
    {
        "model": "problems.source",
        "pk": 7,
        "fields": {
            "name": "Assorted",
            "shortname": "",
            "subtitle": "",
            "parent": null,
            "description": "Any problem which doesn't quite fit with a source should be grouped in to the \"assorted\" source.",
            "publish_date": null,
            "url": null
        }
    },
    {
        "model": "problems.source",
        "pk": 9,
        "fields": {
            "name": "2025 NCMATYC Faculty Math League",
            "shortname": "NCMATYC FML 2025",
            "subtitle": "",
            "parent": 2,
            "description": "",
            "publish_date": null,
            "url": null
        }
    },
    {
        "model": "problems.source",
        "pk": 10,
        "fields": {
            "name": "2023 AMATYC Student Mathematics League",
            "shortname": "2023 AMATYC SML",
            "subtitle": "Test #2",
            "parent": 3,
            "description": "",
            "publish_date": null,
            "url": null
        }
    },
    {
        "model": "problems.category",
        "pk": 1,
        "fields": {
            "name": "Calculus",
            "description": ""
        }
    },
    {
        "model": "problems.category",
        "pk": 2,
        "fields": {
            "name": "Algebra",
            "description": ""
        }
    },
    {
        "model": "problems.category",
        "pk": 3,
        "fields": {
            "name": "Number Theory",
            "description": ""
        }
    },
    {
        "model": "problems.category",
        "pk": 4,
        "fields": {
            "name": "Combinatorics",
            "description": ""
        }
    },
    {
        "model": "problems.category",
        "pk": 5,
        "fields": {
            "name": "Geometry",
            "description": ""
        }
    },
    {
        "model": "problems.category",
        "pk": 6,
        "fields": {
            "name": "Trigonometry",
            "description": ""
        }
    },
    {
        "model": "problems.technique",
        "pk": 1,
        "fields": {
            "name": "Integration from zero to zero",
            "description": "An integral from lower bound 0 to upper bound 0 will naturally have a final result of zero (assuming it is defined)"
        }
    },
    {
        "model": "problems.technique",
        "pk": 2,
        "fields": {
            "name": "L'Hopital's Rule",
            "description": ""
        }
    },
    {
        "model": "problems.technique",
        "pk": 3,
        "fields": {
            "name": "Fundamental Theorem Of Calculus",
            "description": ""
        }
    },
    {
        "model": "problems.technique",
        "pk": 4,
        "fields": {
            "name": "Chain Rule",
            "description": ""
        }
    },
    {
        "model": "problems.technique",
        "pk": 5,
        "fields": {
            "name": "Polynomial Long Division",
            "description": ""
        }
    },
    {
        "model": "problems.technique",
        "pk": 6,
        "fields": {
            "name": "Maxima/Minima",
            "description": ""
        }
    },
    {
        "model": "problems.technique",
        "pk": 7,
        "fields": {
            "name": "Modulo",
            "description": ""
        }
    },
    {
        "model": "problems.technique",
        "pk": 8,
        "fields": {
            "name": "Word Problem",
            "description": ""
        }
    },
    {
        "model": "problems.technique",
        "pk": 9,
        "fields": {
            "name": "Logarithm Change of Base",
            "description": ""
        }
    },
    {
        "model": "problems.technique",
        "pk": 10,
        "fields": {
            "name": "Base Representation",
            "description": ""
        }
    },
    {
        "model": "problems.problem",
        "pk": 1,
        "fields": {
            "problem_text": "Compute limit\r\n\r\n$$\r\n\\lim_{x\\to -\\infty} \\frac{x^2(\\sin{x}+\\cos^3{x})}{(x^2+1)(x-3)}\r\n$$",
            "solution_text": "Notice\r\n\r\n$$\r\n-2 \\leq (\\sin{x}+\\cos^3{x}) \\leq 2\r\n$$\r\n\r\nThus, the only part of the limit which grows is the polynomial part.\r\nConsider only the polynomial part\r\n\r\n$$\r\n\\lim_{x\\to -\\infty} \\frac{x^2}{(x^2+1)(x-3)}\r\n$$\r\n\r\nNotice the denominator has a 3rd order polynomial while the numerator only has a 2nd order. Limit will approach zero.",
            "answer_text": "$$\r\n\\boxed{\r\n    0\r\n}\r\n$$",
            "contributor": [
                "admin"
            ],
            "pub_date": "2025-04-23",
            "source": 1,
            "number": 1,
            "categories": [
                1
            ],
            "techniques": []
        }
    },
    {
        "model": "problems.problem",
        "pk": 2,
        "fields": {
            "problem_text": "Compute limit\r\n\r\n$$\r\n\\lim_{x\\to0} \\left(\\frac{\\lvert x\\rvert}{x}-5e^x+6  \\right)\r\n$$",
            "solution_text": "Notice\r\n\r\n$$\r\n\\frac{\\lvert x\\rvert}{x} = f(x) =\r\n\\begin{cases}\r\n          -1 & x< 0 \\\\\r\n          1 &  x> 0 \\\\\r\n\\end{cases}\r\n$$\r\n\r\nBecause $f(x)$ approaches different values depending on which side of zero is approached, the limit of $f(x)$ at zero does not exist.",
            "answer_text": "$$\r\n\\boxed{\r\n    \\text{Does not exist.}\r\n}\r\n$$",
            "contributor": [
                "admin"
            ],
            "pub_date": "2025-04-23",
            "source": 1,
            "number": 3,
            "categories": [
                1
            ],
            "techniques": [
                2
            ]
        }
    },
    {
        "model": "problems.problem",
        "pk": 4,
        "fields": {
            "problem_text": "Compute limit\r\n\r\n$$\r\n\\lim_{h\\to0} \\frac{f(x+2h)-f(x-2h)}{h}\r\n$$\r\n\r\nGiven $f(x)$ is differentiable at $x$",
            "solution_text": "Apply L'Hopital's rule\r\n\r\n$$\r\n\\lim_{h\\to 0} 2f'(x+2h)+2f'(x-2h)\r\n$$\r\n\r\nEvaluate limit\r\n\r\n$$\r\n 4f'(x)\r\n$$",
            "answer_text": "$$\r\n\\boxed{4f'(x)}\r\n$$",
            "contributor": [
                "admin"
            ],
            "pub_date": "2025-04-23",
            "source": 2,
            "number": 39,
            "categories": [
                1
            ],
            "techniques": [
                2
            ]
        }
    },
    {
        "model": "problems.problem",
        "pk": 5,
        "fields": {
            "problem_text": "Compute limit\r\n\r\n$$\r\n\\lim_{x\\to\\infty} \\left(\\frac{1}{x^2}\\int_{1}^{x}t^2\\,dt\\right)\r\n$$",
            "solution_text": "Restate limit as fraction\r\n\r\n$$\r\n\\lim_{x\\to\\infty} \\frac{\\int_{1}^{x}t^2\\,dt}{x^2}\r\n$$\r\n\r\nApply L'Hopital's rule\r\n\r\n$$\r\n\\lim_{x\\to\\infty} \\frac{\\frac{d}{dx}\\int_{1}^{x}t^2dt}{2x}\r\n$$\r\n\r\nIntegrate\r\n\r\n$$\r\n\\lim_{x\\to\\infty} \\frac{\\frac{d}{dx}\\left(\\frac{x^3}{3}-\\frac{1}{3}\\right)}{2x}\r\n$$\r\n\r\nSimplify\r\n\r\n$$\r\n\\lim_{x\\to\\infty} \\frac{x}{2}\r\n$$\r\n\r\nDiverges to $\\infty$",
            "answer_text": "$$\r\n\\infty\r\n$$",
            "contributor": [
                "admin"
            ],
            "pub_date": "2025-04-23",
            "source": 4,
            "number": 26,
            "categories": [
                1
            ],
            "techniques": [
                2,
                3
            ]
        }
    },
    {
        "model": "problems.problem",
        "pk": 6,
        "fields": {
            "problem_text": "A particle is moving in the first quadrant downward on the hyperbola $\\frac{x^2}{16}-\\frac{y^2}{64}=1$.\r\n\r\nIt leaves the hyperbolic path at the point $(5,6)$ and continues along a straight line. At what point does the particle cross the $x$-axis?",
            "solution_text": "TODO",
            "answer_text": "$$\r\n\\boxed{\\left(\r\n\\frac{16}{5},0\r\n\\right)}\r\n$$",
            "contributor": [
                "admin"
            ],
            "pub_date": "2025-04-23",
            "source": 6,
            "number": 6,
            "categories": [
                1,
                2
            ],
            "techniques": []
        }
    },
    {
        "model": "problems.problem",
        "pk": 9,
        "fields": {
            "problem_text": "Suppose that $h$ is the composition of functions $f$ with $g$; i.e., $h = f\\circ g$ or $h(x) = f(g(x))$.\r\nIf $f'(2)=6$, $f(1)=4$, $g(1)=2$, and $g'(1)=-2$, find $h'(1)$.",
            "solution_text": "Find $h'(x)$ by chain rule\r\n\r\n$$\r\nh'(x) = f'(g(x))g'(x)\r\n$$\r\n\r\nFind $h'(1)$\r\n\r\n$$\r\n\\begin{aligned}\r\nh'(1) &= f'(g(1))g'(1)\\\\\r\nh'(1) &= f'(2)(-2) \\\\\r\nh'(1) &= 6(-2) = -12\r\n\\end{aligned}\r\n$$",
            "answer_text": "$$\r\n\\boxed{\r\n    -12\r\n}\r\n$$",
            "contributor": [
                "admin"
            ],
            "pub_date": "2025-04-23",
            "source": 1,
            "number": 13,
            "categories": [
                1
            ],
            "techniques": [
                4
            ]
        }
    },
    {
        "model": "problems.problem",
        "pk": 10,
        "fields": {
            "problem_text": "Determine the number of integers $n$ such that $n+3$ divides $n^3+3$",
            "solution_text": "Divide $n^3+3$ by $n+3$ by polynomial long division\r\n\r\n$$\r\n\\frac{n^3+3}{n+3} = n^2-3n+9-\\frac{24}{n+3}\r\n$$\r\n\r\nFind all positive integer values of $n$ for which the equation evaluates to an integer\r\n\r\nNotice that the only term which can make the equation evaluate to a non-integer is $\\frac{24}{n+3}$\r\n\r\n$$\r\nn^2-3n+9-\\frac{24}{n+3}\r\n$$\r\n\r\nFind all positive integer values of n for which $\\frac{24}{n+3}$ evaluates to an integer.\r\n\r\nFactor $24$\r\n\r\n$$\r\n\\begin{aligned}\r\n24\r\n&= 1 \\cdot 24\\\\\r\n&= 2 \\cdot 12\\\\\r\n&= 3 \\cdot 8\\\\\r\n&= 4 \\cdot 6\\\\\r\n\\end{aligned}\r\n$$\r\n\r\nsubtract 3 from all factors. Keep positive solutions.\r\n\r\n$$\r\n\\{21,9,5,3,1\\}\r\n$$",
            "answer_text": "$$\r\n\\boxed{5}\r\n$$",
            "contributor": [
                "admin"
            ],
            "pub_date": "2025-04-23",
            "source": 9,
            "number": 7,
            "categories": [
                2,
                3
            ],
            "techniques": [
                5
            ]
        }
    },
    {
        "model": "problems.problem",
        "pk": 11,
        "fields": {
            "problem_text": "A model for cost, in dollars, of producing $x$ units of an electronics item is:\r\n\r\n$$\r\nC(x)=1000-5x+\\frac{1}{10}x^2,\\quad 0\\leq x\\leq300\r\n$$\r\n\r\nFind the cost per unit when the average cost is minimized.",
            "solution_text": "Notice \"the cost _per unit_ when the _average cost_ is minimized.\"\r\n\r\nLet $A(x)$ be the average cost per unit\r\n\r\n$$\r\nA(x) = \\frac{C(x)}{x} = \\frac{1000}{x} - 5 + \\frac{x}{10}\r\n$$\r\n\r\nFind endpoints\r\n\r\n$$\r\n\\begin{aligned}\r\nA(0) \\quad&=\\text{undefined}\\\\\r\nA(300) \\,\\,&= \\frac{85}{3} \\approx 28.33\r\n\\end{aligned}\r\n$$\r\n\r\nFind $A'(x)$\r\n\r\n$$\r\nA'(x) =  \\frac{1}{10} - \\frac{1000}{x^2}\r\n$$\r\n\r\nRemember, maxima and minima occur when the slope of a function is zero.\r\n\r\n$$\r\n0 = \\frac{1}{10} - \\frac{1000}{x^2}\r\n$$\r\n\r\n$$\r\n0 = 1 - \\frac{10,000}{x^2}\r\n$$\r\n\r\n$$\r\nx^2 = 10,000\r\n$$\r\n\r\n$$\r\nx = \\pm \\sqrt{10,000} =\\pm 100\r\n$$\r\n\r\nFind $A(100)$\r\n\r\n$$\r\nA(100) = 10 -5 + 10 = 15\r\n$$",
            "answer_text": "$$\r\n\\boxed{15}\r\n$$",
            "contributor": [
                "admin"
            ],
            "pub_date": "2025-04-23",
            "source": 1,
            "number": 22,
            "categories": [
                1
            ],
            "techniques": [
                6
            ]
        }
    },
    {
        "model": "problems.problem",
        "pk": 12,
        "fields": {
            "problem_text": "Find $a$ such that\r\n\r\n$$\r\n\\frac{d}{da} \\left(\\int_{0}^{\\sqrt{a}} \\sin(t^2) \\,dt \\right) = 0\r\n$$",
            "solution_text": "Let $f(t) =\\sin(t^2)$\r\n\r\nImagine that the function $F(t)$, such that $F'(t) = f(t)$, is known.\r\n\r\nRestate integral\r\n\r\n$$\r\n\\frac{d}{da} \\left[ F(t) \\right]_{0}^{\\sqrt{a}} = 0\r\n$$\r\n\r\n$$\r\n\\frac{d}{da} \\left[ F(\\sqrt{a}) - F(0) \\right] = 0\r\n$$\r\n\r\nDifferentiate with respect to $a$ using chain rule.\r\n\r\n$$\r\n\\frac{F'(\\sqrt{a})}{2\\sqrt{a}}= 0\r\n$$\r\n\r\nSubstitute in known value of $F'(t)$\r\n\r\n$$\r\n\\frac{\\sin(a)}{2\\sqrt{a}}= 0\r\n$$\r\n\r\nNotice the three conditions which must all be met for the value to equal $0$\r\n\r\n$$\r\n\\begin{align}\r\n\\sin(a) &=0\\\\\r\n\\sqrt{a} \\quad &\\text{is defined}\\quad 0 \\leq a\\\\\r\n\\frac{1}{a} \\quad &\\text{is defined} \\quad 0 \\ne a\r\n\\end{align}\r\n$$\r\n\r\nRemember that $\\sin(x)$ is zero when $x$ is an integer multiple of $\\pi$.",
            "answer_text": "$$\r\na = k\\pi \\quad\\text{where}\\quad k\\in \\mathbb{N},\\; 0 < k\r\n$$",
            "contributor": [
                "admin"
            ],
            "pub_date": "2025-04-23",
            "source": 4,
            "number": 20,
            "categories": [
                1
            ],
            "techniques": [
                3
            ]
        }
    },
    {
        "model": "problems.problem",
        "pk": 13,
        "fields": {
            "problem_text": "Find smallest possible value of $f(4)$ Given\r\n\r\n$$\r\nf(1)=10\\quad\r\nf'(x)\\geq 2\\quad\r\n\\text{for}\\quad 1 \\leq x \\leq 4\r\n$$",
            "solution_text": "Ignore any values outside bounds of $1 \\leq x \\leq 4$.\r\n\r\nNotice $f(x)$ is always growing as it always has a positive slope.\r\n\r\nNotice the slowest growing $f(x)$ would simply be a line of slope $2$.\r\n\r\nFind the line which intersects with $f(x)$ at $x=1$\r\n\r\n$$\r\n\\begin{aligned}\r\ny &= 2x + b\\\\\r\n10 &= 2 + b\\\\\r\n\\end{aligned}\r\n$$\r\n\r\n$$\r\nb = 8\r\n$$\r\n\r\n$$\r\ny = 2x + 8\r\n$$\r\n\r\nNotice that this line meets the constraints for $f(x)$\r\n\r\nFind $f(4)$\r\n\r\n$$\r\nf(4) = 8 + 8 = 16\r\n$$",
            "answer_text": "$$\r\n\\boxed{16}\r\n$$",
            "contributor": [
                "admin"
            ],
            "pub_date": "2025-04-24",
            "source": 1,
            "number": 20,
            "categories": [
                1,
                2
            ],
            "techniques": []
        }
    },
    {
        "model": "problems.problem",
        "pk": 14,
        "fields": {
            "problem_text": "Find $f'(1)$ Given $f(x) = \\ln(x^x)$",
            "solution_text": "Simplify\r\n\r\n$$\r\nf(x) = x\\ln(x)\r\n$$\r\n\r\nDifferentiate by product rule\r\n\r\n$$\r\nf'(x) = \\frac{x}{x} + \\ln(x) = 1 + \\ln(x)\r\n$$\r\n\r\nFind $f'(1)$\r\n\r\n$$\r\nf'(1) = 1 + \\ln(1) = 1 + 0 = 1\r\n$$",
            "answer_text": "$$\r\n\\boxed {\r\n    1\r\n}\r\n$$",
            "contributor": [
                "admin"
            ],
            "pub_date": "2025-04-24",
            "source": 1,
            "number": 15,
            "categories": [
                1
            ],
            "techniques": []
        }
    },
    {
        "model": "problems.problem",
        "pk": 15,
        "fields": {
            "problem_text": "Find $f'(x)$ Given\r\n\r\n$$\r\nf(x) = \\sin\\left(\\sqrt{x}\\right) + \\sqrt{\\cos(x)}\r\n$$",
            "solution_text": "Differentiate using chain rule\r\n\r\n$$\r\nf'(x) = \\cos\\left(\\sqrt{x}\\right) \\frac{1}{2\\sqrt{x}} - \\sin(x)\\frac{1}{2\\sqrt{\\cos(x)}}\r\n$$",
            "answer_text": "$$\r\nf'(x) = \\frac{\\cos\\left(\\sqrt{x}\\right)}{2\\sqrt{x}} -\\frac{\\sin(x)}{2\\sqrt{\\cos(x)}}\r\n$$",
            "contributor": [
                "admin"
            ],
            "pub_date": "2025-04-24",
            "source": 1,
            "number": 16,
            "categories": [
                1
            ],
            "techniques": [
                4
            ]
        }
    },
    {
        "model": "problems.problem",
        "pk": 16,
        "fields": {
            "problem_text": "Let $N$ be the line normal to the graph of $f(x) = x^2$ at the point $P = (-2,4)$. At what other point does $N$ meet the graph?",
            "solution_text": "Find $f'(x)$ at $P$\r\n\r\n$$\r\nf'(x) = 2x\r\n$$\r\n\r\nFind slope at $P$\r\n\r\n$$\r\nf'(-2) = -4\r\n$$\r\n\r\nFind normal slope at $P$\r\n\r\n$$m = \\frac{1}{4}$$\r\n\r\nFind $N$, the line normal to $f(x)$ at $P$\r\n\r\n$$\r\n\\begin{align}\r\ny &= mx + b\\\\\r\n4 &= (-2)\\left(\\frac{1}{4}\\right) +b\\\\\r\n4 &= -\\frac{1}{2} + b\r\n\\end{align}\r\n$$\r\n\r\n$$\r\nb = \\frac{9}{2}\r\n$$\r\n\r\n$$\r\ny = \\frac{1}{4}x+\\frac{9}{2}\r\n$$\r\n\r\nFind intersections of $N$ and $f(x)$\r\n\r\n$$\r\nx^2 = \\frac{1}{4}x+\\frac{9}{2}\r\n$$\r\n\r\n$$\r\n4x^2 = x+18\r\n$$\r\n\r\n$$\r\n4x^2 - x -18 = 0\r\n$$\r\n\r\nFind roots\r\n\r\n$$\r\n\\begin{aligned}\r\nx&=-2\\\\\r\nx&=\\frac{9}{4}\\\\\r\n\\end{aligned}\r\n$$\r\n\r\nFind $f\\left(\\frac{9}{4}\\right)$\r\n\r\n$$\r\nf\\left(\\frac{9}{4}\\right) = \\frac{81}{16}\r\n$$",
            "answer_text": "$$\r\n\\boxed{\r\n    \\left(\\,\\frac{9}{4},\\frac{81}{16}\\,\\right)\r\n}\r\n$$",
            "contributor": [
                "admin"
            ],
            "pub_date": "2025-04-24",
            "source": 1,
            "number": 18,
            "categories": [
                1,
                2
            ],
            "techniques": []
        }
    },
    {
        "model": "problems.problem",
        "pk": 17,
        "fields": {
            "problem_text": "Find $a$ given\r\n\r\n$$\r\n\\int_2^{4} \\frac{x}{\\sqrt{\\lvert {9-x^2}\\rvert}}\\,dx =\\sqrt{5}+\\sqrt{a}\r\n$$",
            "solution_text": "Notice this integral is improper at $x=3$.\r\n\r\nSplit integral in two\r\n\r\n$$\r\n\\lim_{t\\to 3} \\int_2^{t} \\frac{x}{\\sqrt{\\lvert {9-x^2}\\rvert}} \\,dx\r\n+\r\n\\lim_{t\\to 3} \\int_{t}^{4} \\frac{x}{\\sqrt{\\lvert{9-x^2}\\rvert}} \\,dx\r\n$$\r\n\r\nNotice when $2\\leq x \\leq 3$, $\\lvert{9-x^2}\\rvert = (9 -x^2)$\r\n\r\nNotice when $3 \\leq x \\leq 4$, $\\lvert{9-x^2}\\rvert = -(9-x^2) = x^2-9$\r\n\r\n$$\r\n\\lim_{t\\to 3} \\int_2^{t} \\frac{x}{\\sqrt{9-x^2}} \\,dx\r\n+\r\n\\lim_{t\\to 3} \\int_{t}^{4} \\frac{x}{\\sqrt{x^2-9}} \\,dx\r\n$$\r\n\r\nIntegrate left side. Substitute $u = 9-x^2$\r\n\r\n$$\r\ndu = -2x \\,dx\r\n$$\r\n\r\n$$\r\ndx = -\\frac{du}{2x}\r\n$$\r\n\r\n$$\r\nu(2) = 5\r\n$$\r\n\r\n$$\r\nu(3) = 0\r\n$$\r\n\r\n$$\r\n\\lim_{t\\to 0} \\int_5^{t} - \\frac{1}{2\\sqrt{u}} \\,du\r\n$$\r\n\r\nIntegrate\r\n\r\n$$\r\n\\lim_{t\\to 0}\\left[-\\sqrt{u} \\right]_{5}^{t}\r\n= \\sqrt{5} - \\sqrt{0}\r\n$$\r\n\r\nIntegrate right side. Substitute $u=x^2-9$\r\n\r\n$$\r\ndu = 2x\\, dx\r\n$$\r\n\r\n$$\r\ndx = \\frac{du}{2x}\r\n$$\r\n\r\n$$\r\nu(3) = 0\r\n$$\r\n\r\n$$\r\nu(4) = 7\r\n$$\r\n\r\n$$\r\n\\lim_{t\\to 0} \\int_{t}^{7} \\frac{1}{2\\sqrt{u}} \\,dx\r\n$$\r\n\r\nIntegrate\r\n\r\n$$\r\n\\lim_{t\\to0} \\left[\\sqrt{u} \\right]_{t}^{7} = \\sqrt{7} - \\sqrt{0}\r\n$$\r\n\r\nReassemble integral\r\n\r\n$$\r\n\\lim_{t\\to 3} \\int_2^{t} \\frac{x}{\\sqrt{9-x^2}} \\,dx +\r\n\\lim_{t\\to 3} \\int_{t}^{4} \\frac{x}{\\sqrt{x^2-9}} \\,dx =\r\n\\sqrt{5} + \\sqrt{7}\r\n$$",
            "answer_text": "$$\r\n\\boxed{7}\r\n$$",
            "contributor": [
                "admin"
            ],
            "pub_date": "2025-04-24",
            "source": 1,
            "number": 35,
            "categories": [
                1
            ],
            "techniques": []
        }
    },
    {
        "model": "problems.problem",
        "pk": 18,
        "fields": {
            "problem_text": "Where does the function $f(x) = xe^{-x}$ have a local maximum?",
            "solution_text": "Functions have maxima and minima at points where there slope is flat.\r\n\r\nFind derivative\r\n\r\n$$\r\nf'(x) = -xe^{-x} + e^{-x} = e^{-x}(1-x)\r\n$$\r\n\r\nSolve $f'(x) =0$\r\n\r\n$$\r\nf'(1) = e^{1}(1-1) = 0\r\n$$\r\n\r\nTo verify that $x=1$ is a maxima, the second derivative should indicate downward concavity at $x$.\r\n\r\n$$\r\nf''(x) = -e^{-x} -e^{-x}(1-x) = -e^{-1}\r\n$$",
            "answer_text": "$$\r\nx=1\r\n$$",
            "contributor": [
                "admin"
            ],
            "pub_date": "2025-04-24",
            "source": 5,
            "number": 6,
            "categories": [
                1
            ],
            "techniques": [
                6
            ]
        }
    },
    {
        "model": "problems.problem",
        "pk": 19,
        "fields": {
            "problem_text": "Compute limit\r\n\r\n$$\r\n\\lim_{h\\to0} \\frac{(2+h)^2+5(2+h)-[2^2+5(2)]}{h}\r\n$$",
            "solution_text": "Simplify\r\n\r\n$$\r\n\\lim_{h\\to0} \\frac{(2+h)^2+ 5h-4}{h}\r\n$$\r\n\r\nExpand\r\n\r\n$$\r\n\\lim_{h\\to0} \\frac{h^2 +9h}{h} = \\lim_{h\\to0} h + 9 = 9\r\n$$",
            "answer_text": "$$\r\n\\boxed{9}\r\n$$",
            "contributor": [
                "admin"
            ],
            "pub_date": "2025-04-24",
            "source": 5,
            "number": 9,
            "categories": [
                1
            ],
            "techniques": []
        }
    },
    {
        "model": "problems.problem",
        "pk": 20,
        "fields": {
            "problem_text": "What is the derivative of $\\tan(x)$ with respect to $\\sin(x)$",
            "solution_text": "Consider the derivative of $y$ with respect to $x$, $\\frac{dy}{dx}$ as the differential operator $d$ on $y$ over $d$ on $x$.\r\n\r\n$$\r\n\\frac{d \\tan(x)}{d \\sin(x)} = \\frac{ \\sec^2(x)\\, dx}{\\cos(x)\\,dx} = \\sec^3(x)\r\n$$",
            "answer_text": "$$\r\n\\sec^3(x)\r\n$$",
            "contributor": [
                "admin"
            ],
            "pub_date": "2025-04-24",
            "source": 5,
            "number": 22,
            "categories": [
                1
            ],
            "techniques": []
        }
    },
    {
        "model": "problems.problem",
        "pk": 21,
        "fields": {
            "problem_text": "Let $\\lfloor{a}\\rfloor$ be the greatest integer less than or equal to $a$, and let $\\{a\\} = a-\\lfloor a \\rfloor$.\r\n\r\nGiven\r\n\r\n$$\r\n\\begin{align*}\r\nx + \\lfloor y\\rfloor +\\{z\\} &= 10.2\\\\\r\n\\lfloor x\\rfloor + \\{y\\} + z &= 11.3\\\\\r\n\\{x\\} + y + \\lfloor z\\rfloor &= 12.1\r\n\\end{align*}\r\n$$\r\n\r\nFind $30(x+y+z)$",
            "solution_text": "Substitute $\\{a\\} = a-\\lfloor a \\rfloor$ into each equation.\r\n\r\n$$\r\n\\begin{align*}\r\nx + \\lfloor y\\rfloor + z - \\lfloor z \\rfloor &= 10.2\\\\\r\n\\lfloor x\\rfloor + y - \\lfloor y \\rfloor + z &= 11.3\\\\\r\nx - \\lfloor x \\rfloor + y + \\lfloor z\\rfloor &= 12.1\r\n\\end{align*}\r\n$$\r\n\r\nAdd the third equation to the first equation\r\n\r\n$$\r\n2x + \\lfloor y\\rfloor + z -\\lfloor x\\rfloor + y  = 10.2 + 12.1 = 22.3\r\n$$\r\n\r\nAdd the second equation to the resulting equation\r\n\r\n$$\r\n2x + 2z+ 2y  = 10.2 + 12.1 + 11.3 = 33.6\r\n$$\r\n\r\nFactor 2\r\n\r\n$$\r\n2(x+y+z) = 33.6\r\n$$\r\n\r\nMultiply by $15$\r\n\r\n$$\r\n30(x+y+z) = 504\r\n$$",
            "answer_text": "$$\r\n\\boxed{\r\n    504\r\n}\r\n$$",
            "contributor": [
                "admin"
            ],
            "pub_date": "2025-04-24",
            "source": 9,
            "number": 15,
            "categories": [
                2
            ],
            "techniques": []
        }
    },
    {
        "model": "problems.problem",
        "pk": 22,
        "fields": {
            "problem_text": "Let $\\{x_n\\}^{1000}_{n=1}$ be 1000 consecutive terms of the Fibonacci sequence such that $x_1$ is divisible by 7. How many other terms of the sequence are divisible by 7?",
            "solution_text": "Notice that counting Fibonacci numbers which are divisible by 7 is equivalent to counting Fibonacci numbers which leave a remainder of 0 when divided by 7.\r\n\r\nAlso notice that $((a+b) \\mod n) = (((a\\mod n) + (b\\mod n)) \\mod n)$\r\n\r\nWrite the first 12 Fibonacci numbers with their remainders mod 7.\r\n\r\n$$\r\n\\begin{matrix}\r\n\\text {Fibonacci} & 1 & 2 & 3 & 5 & 8 & 13 & 21 & 34 & 55 & 89 & 144 & 233  \\\\\r\n\\text{mod 7}      & 1 & 2 & 3 & 5 & 1 & 6  & 0  & 6  & 6  & 5  & 4   & 2\r\n\\end{matrix}\r\n$$\r\n\r\nNotice that $(F_n \\mod 7) = (((F_{n-1}\\mod 7) + (F_{n-2} \\mod 7)) \\mod 7)$\r\n\r\nWrite out fibonacci numbers mod 7 and their index until a pattern is found\r\n\r\n$$\r\n\\begin{matrix}\r\n\\text{index}&1 & 2 & 3 & 4 & 5 & 6 & 7 & 8 & 9 & 10 & 11 & 12 & 13 & 14 & 15 & 16 & 17 & 18 \\\\\r\n\\text{mod 7}&1 & 1 & 2 & 3 & 5 & 1 & 6 & 0 & 6 & 6 & 5 & 4 & 2 & 6 & 1 & 0 & 1 & 1 & \\ldots\r\n\\end{matrix}\r\n$$\r\n\r\nNotice the nth Fibonacci number is divisible by 7 if and only if its index is a multiple of 8.\r\n\r\n$$\r\n\\frac{1000}{8} = 125\r\n$$",
            "answer_text": "$$\r\n\\boxed{\r\n    125\r\n}\r\n$$",
            "contributor": [
                "admin"
            ],
            "pub_date": "2025-04-24",
            "source": 9,
            "number": 12,
            "categories": [
                3
            ],
            "techniques": [
                7
            ]
        }
    },
    {
        "model": "problems.problem",
        "pk": 23,
        "fields": {
            "problem_text": "A particular list of positive integers has the following properties;\r\n\r\n- The sum of the integers in the list is 26.\r\n- the unique mode of the list is 8.\r\n- the median of the list is a positive integer that does not appear in the list itself.\r\n\r\nDetermine the sum of the squares of items in the list.",
            "solution_text": "Remember, when a sorted list is of even length the median is the average of the two items closest to the center.\r\n\r\nNotice the list must have an even length as the median is not contained in the list.\r\n\r\nEnumerate all even length lists which sum to 26 and have two or more 8s from longest to shortest\r\n\r\n$$\r\n\\begin{aligned}\r\n1,2,3,4,8,8\\\\\r\n2,8,8,8\\\\\r\n1,8,8,9\\\\\r\n3,7,8,8\\\\\r\n4,6,8,8\\\\\r\n\\end{aligned}\r\n$$\r\n\r\nKeep solutions which have integer medians that are not already in the list.\r\n\r\n$$\r\n4,6,8,8\r\n$$\r\n\r\nSquare then sum list items",
            "answer_text": "$$\r\n\\boxed{180}\r\n$$",
            "contributor": [
                "admin"
            ],
            "pub_date": "2025-04-24",
            "source": 9,
            "number": 2,
            "categories": [],
            "techniques": []
        }
    },
    {
        "model": "problems.problem",
        "pk": 24,
        "fields": {
            "problem_text": "Let $f: \\mathbb{R} \\to \\mathbb{R}$ be a function which satisfies $f(x+25)=f(25-x)$ for all $x$.\r\n\r\nIf $f$ has exactly three real zeroes, then what is their sum?",
            "solution_text": "Notice that $f(x)$ must be symmetric across the Y-axis at $x=25$\r\n\r\nNotice that if a symmetric function has an odd number of roots, then the value at the axis of symmetry must be a root.\r\n\r\nFurther notice that the following two roots will be at $x=a+25$ and $x=25-a$ for some $a \\in \\mathbb{R}$.\r\n\r\nSum the x-coordinates of all roots\r\n\r\n$$\r\n\\cancel{a} + 25 + 25 - \\cancel{a} + 25\r\n$$",
            "answer_text": "$$\r\n\\boxed{\r\n    75\r\n}\r\n$$",
            "contributor": [
                "admin"
            ],
            "pub_date": "2025-04-24",
            "source": 9,
            "number": 9,
            "categories": [
                2
            ],
            "techniques": []
        }
    },
    {
        "model": "problems.problem",
        "pk": 25,
        "fields": {
            "problem_text": "Count backwards from 100 by 7s but do not count into negative numbers.\r\n\r\nWhat is the last positive number counted?",
            "solution_text": "Notice that this problem requests for you to take as many 7s out of 100 as possible and give the remainder\r\n\r\n$$\r\n100 \\div 7 = 14 + \\frac{2}{7}\r\n$$",
            "answer_text": "$$\r\n\\boxed{\r\n    2\r\n}\r\n$$",
            "contributor": [
                "admin"
            ],
            "pub_date": "2025-04-24",
            "source": 9,
            "number": 1,
            "categories": [],
            "techniques": []
        }
    },
    {
        "model": "problems.problem",
        "pk": 26,
        "fields": {
            "problem_text": "Kara drives from San Francisco to Los Angeles in 8 hours.\r\n\r\nOn the return trip (following the exact same route), her average speed increases by 25%.\r\n\r\nThe return trip takes 6 hours and how many minutes?",
            "solution_text": "Let the unit of distance be called $d$ and the unit of time (hours) be $h$.\r\n\r\nNotice the speed of the original trip can be found as\r\n\r\n$$\\frac{1d}{8h}$$\r\n\r\nIncrease the speed by 25%\r\n\r\n$$\\frac{1d}{8h} \\cdot \\frac{5}{4}$$\r\n\r\nSolve for time given distance of $1d$\r\n\r\n$$\r\n\\frac{32h}{5} = 6.4h = 6h + \\frac{24}{60}h\r\n$$",
            "answer_text": "$$\r\n\\boxed{24}\r\n$$",
            "contributor": [
                "admin"
            ],
            "pub_date": "2025-04-24",
            "source": 10,
            "number": 1,
            "categories": [
                2
            ],
            "techniques": [
                8
            ]
        }
    },
    {
        "model": "problems.problem",
        "pk": 27,
        "fields": {
            "problem_text": "Find $x$ given\r\n\r\n$$\r\n\\left(\\log_8 x^2\\right)\\left(\\log_x 8\\right)^2 = 1\r\n$$",
            "solution_text": "Simplify\r\n\r\n$$\r\n2\\left(\\log_8 x \\right)\\left(\\log_x 8 \\right)^2 = 1\r\n$$\r\n\r\nRemember the logarithm change-of-base identity\r\n\r\n$$\r\n\\frac{\\log_a(b)}{\\log_a(c)} = \\log_c(b)\r\n$$\r\n\r\nApply identity to decompose $\\log_x(8)$\r\n\r\n$$\r\n\\log_x(8) = \\frac{\\log_8(8)}{\\log_8(x)} = \\frac{1}{\\log_8(x)}\r\n$$\r\n\r\nSubstitute into problem\r\n\r\n$$\r\n2\\left(\\log_8 x \\right)\\left(\\frac{1}{\\log_8(x)} \\right)^2 = 1\r\n$$\r\n\r\nSimplify\r\n\r\n$$\r\n2\\frac{1}{\\log_8(x)} = 1\r\n$$\r\n\r\n$$\r\n2 = \\log_8(x)\r\n$$\r\n\r\nSolve for $x$\r\n\r\n$$\r\n8^2 = x\r\n$$",
            "answer_text": "$$\r\n\\boxed{64}\r\n$$",
            "contributor": [
                "admin"
            ],
            "pub_date": "2025-04-24",
            "source": 10,
            "number": 12,
            "categories": [],
            "techniques": [
                9
            ]
        }
    },
    {
        "model": "problems.problem",
        "pk": 28,
        "fields": {
            "problem_text": "For a natural number $n$, let the radical of $n$ be the largest square-free factor of $n$ denoted by $\\operatorname{rad}(n)$\r\n\r\nFind $\\operatorname{rad}(10!)$",
            "solution_text": "Notice that if a factor occurs in a number more than once, then the number is not square-free.\r\n\r\nList the factors of $10!$\r\n\r\n$$\r\n\\begin{matrix}\r\n1 & 2 & 3 & 4 & 5 & 6 & 7 & 8 & 9 & 10\r\n\\end{matrix}\r\n$$\r\n\r\nNotice that the non-prime numbers will provide duplicate factors.\r\n\r\nRemove non-prime numbers and multiply\r\n\r\n$$\r\n2 \\times 3 \\times 5 \\times 7 = 210\r\n$$",
            "answer_text": "$$\r\n\\boxed{\r\n    210\r\n}\r\n$$",
            "contributor": [
                "admin"
            ],
            "pub_date": "2025-04-24",
            "source": 10,
            "number": 2,
            "categories": [],
            "techniques": []
        }
    },
    {
        "model": "problems.problem",
        "pk": 29,
        "fields": {
            "problem_text": "There are three distinct digits $x, y, z$ such that the decimal (base-10) number $x|y|z$ is equal to the hexadecimal (base-16) number $z|y|x$.\r\nFind $x+y+z$ (in base-10).",
            "solution_text": "Notice that $0 \\leq x,y,z \\leq 9$\r\n\r\nExpand bases\r\n\r\n$$\r\n100x+10y+z = 256z+16y+x\r\n$$\r\n\r\nSimplify\r\n\r\n$$\r\n99x = 255z+6y\r\n$$\r\n\r\nDivide $3$\r\n\r\n$$\r\n33x = 85z+2y\r\n$$\r\n\r\nSolve for $x$\r\n\r\n$$\r\nx = \\frac{85z+2y}{33}\r\n$$\r\n\r\nFind a combination of $(z,y)$ such that $x$ is an integer\r\n\r\n$$\r\nx = \\frac{85\\cdot 1 + 2\\cdot 7}{33} = 3\r\n$$\r\n\r\n$$\r\n\\begin{aligned}\r\nx &= 3\\\\\r\ny &= 7\\\\\r\nz &= 1\r\n\\end{aligned}\r\n$$\r\n\r\n$$\r\nx+y+z = 11\r\n$$",
            "answer_text": "$$\r\n\\boxed{11}\r\n$$",
            "contributor": [
                "admin"
            ],
            "pub_date": "2025-04-24",
            "source": 10,
            "number": 3,
            "categories": [
                3
            ],
            "techniques": [
                10
            ]
        }
    },
    {
        "model": "problems.problem",
        "pk": 30,
        "fields": {
            "problem_text": "Compute limit\r\n\r\n$$\r\n\\lim_{x \\to \\infty} e^{\\sin(2x)-x}\r\n$$",
            "solution_text": "Restate limit in terms of $f(x)$\r\n\r\n$$\r\n\\lim_{x\\to \\infty} f(x) = \\lim_{x\\to\\infty} e^{\\sin(2x)-x}\r\n$$\r\n\r\nTake natural logarithm of both sides of equation\r\n\r\n$$\r\n\\ln \\left(\\lim_{x\\to \\infty} f(x)\\right) = \\ln\\left(\\lim_{x\\to\\infty} e^{\\sin(2x)-x} \\right)\r\n$$\r\n\r\nRemember that $\\ln \\left( \\lim_{x\\to \\infty} f(x)\\right) =\\lim_{x\\to\\infty} \\ln\\left(f(x)\\right)$ when $f(x) > 0$\r\n\r\n$$\r\n\\ln \\left(\\lim_{x\\to \\infty} f(x)\\right) =\\lim_{x\\to\\infty} \\ln\\left( e^{\\sin(2x)-x} \\right)\r\n$$\r\n\r\n$$\r\n\\ln \\left(\\lim_{x\\to \\infty} f(x)\\right) =\\lim_{x\\to\\infty} \\left(\\sin(2x)-x\\right)\\ln(e)\r\n$$\r\n\r\nEvaluate right limit (a bit of handwavey notation)\r\n\r\n$$\r\n\\ln \\left(\\lim_{x\\to \\infty} f(x)\\right) = -\\infty\r\n$$\r\n\r\nRaise $e$ to the power of both sides\r\n\r\n$$\r\n\\lim_{x\\to\\infty} f(x) = e^{-\\infty} = 0\r\n$$",
            "answer_text": "$$\r\n\\boxed{0}\r\n$$",
            "contributor": [
                "admin"
            ],
            "pub_date": "2025-04-24",
            "source": 4,
            "number": 1,
            "categories": [
                1
            ],
            "techniques": []
        }
    },
    {
        "model": "problems.problem",
        "pk": 31,
        "fields": {
            "problem_text": "A right triangle has side lengths of \r\n$$\r\nA = 3\\quad B=4 \\quad C=?\r\n$$",
            "solution_text": "Use Pythagorean theorem\r\n\r\n$$\r\nC = \\sqrt{a^2+b^2} = \\sqrt{3^2+4^2} = \\sqrt{9+16} = \\sqrt{25} = 5\r\n$$",
            "answer_text": "$$\r\n\\boxed{\r\n5\r\n}\r\n$$",
            "contributor": [
                "admin"
            ],
            "pub_date": "2025-04-24",
            "source": 7,
            "number": null,
            "categories": [
                5,
                6
            ],
            "techniques": []
        }
    }
]